{
  "0": {
    "precision": 0.9027484143763214,
    "recall": 0.854,
    "f1-score": 0.8776978417266187,
    "support": 1000.0
  },
  "1": {
    "precision": 0.9245463228271251,
    "recall": 0.968,
    "f1-score": 0.9457743038593063,
    "support": 1000.0
  },
  "2": {
    "precision": 0.8676789587852495,
    "recall": 0.8,
    "f1-score": 0.8324661810613944,
    "support": 1000.0
  },
  "3": {
    "precision": 0.8185140073081608,
    "recall": 0.672,
    "f1-score": 0.7380560131795717,
    "support": 1000.0
  },
  "4": {
    "precision": 0.8349236641221374,
    "recall": 0.875,
    "f1-score": 0.8544921875,
    "support": 1000.0
  },
  "5": {
    "precision": 0.8683274021352313,
    "recall": 0.732,
    "f1-score": 0.7943570265870863,
    "support": 1000.0
  },
  "6": {
    "precision": 0.7484615384615385,
    "recall": 0.973,
    "f1-score": 0.8460869565217392,
    "support": 1000.0
  },
  "7": {
    "precision": 0.8894277400581959,
    "recall": 0.917,
    "f1-score": 0.9030034465780403,
    "support": 1000.0
  },
  "8": {
    "precision": 0.9111747851002865,
    "recall": 0.954,
    "f1-score": 0.93209574987787,
    "support": 1000.0
  },
  "9": {
    "precision": 0.9256281407035176,
    "recall": 0.921,
    "f1-score": 0.9233082706766917,
    "support": 1000.0
  },
  "accuracy": 0.8666,
  "macro avg": {
    "precision": 0.8691430973877765,
    "recall": 0.8666,
    "f1-score": 0.864733797756832,
    "support": 10000.0
  },
  "weighted avg": {
    "precision": 0.8691430973877763,
    "recall": 0.8666,
    "f1-score": 0.8647337977568317,
    "support": 10000.0
  }
}