{
  "accuracy": [
    0.4239799976348877,
    0.5718799829483032,
    0.6323000192642212,
    0.6722999811172485,
    0.7016400098800659,
    0.7193400263786316,
    0.7354599833488464,
    0.7440999746322632,
    0.7571200132369995,
    0.7639600038528442,
    0.7690399885177612,
    0.7751799821853638,
    0.7797600030899048,
    0.7816799879074097,
    0.7853800058364868,
    0.789900004863739,
    0.7943800091743469,
    0.7949000000953674,
    0.796999990940094,
    0.7994800209999084,
    0.8040800094604492,
    0.8047800064086914,
    0.8199599981307983,
    0.8277199864387512,
    0.8324199914932251,
    0.8311600089073181,
    0.8355799913406372,
    0.8350800275802612,
    0.8369200229644775,
    0.8365399837493896,
    0.8410800099372864,
    0.8404200077056885,
    0.841159999370575,
    0.8417999744415283,
    0.8440799713134766,
    0.8422799706459045,
    0.8514800071716309,
    0.8555999994277954,
    0.8580800294876099,
    0.8563200235366821,
    0.8604400157928467,
    0.8606799840927124,
    0.8616600036621094,
    0.861240029335022,
    0.8636400103569031,
    0.865119993686676,
    0.863319993019104,
    0.8648800253868103,
    0.8661999702453613,
    0.863319993019104
  ],
  "loss": [
    1.6279973983764648,
    1.256662130355835,
    1.1032054424285889,
    1.0108946561813354,
    0.9500766396522522,
    0.9132168889045715,
    0.8792983889579773,
    0.8589180707931519,
    0.8344396948814392,
    0.8181441426277161,
    0.8079948425292969,
    0.7991045117378235,
    0.7844380736351013,
    0.7805966138839722,
    0.7759668827056885,
    0.7646247148513794,
    0.757472038269043,
    0.754996657371521,
    0.7532826662063599,
    0.7465731501579285,
    0.741666853427887,
    0.7384556531906128,
    0.6857161521911621,
    0.6578091979026794,
    0.6453436613082886,
    0.6436743140220642,
    0.6268715858459473,
    0.6281094551086426,
    0.6202031373977661,
    0.6190515756607056,
    0.6102664470672607,
    0.6072304248809814,
    0.6065687537193298,
    0.6000736951828003,
    0.5985655188560486,
    0.5963044166564941,
    0.5675677061080933,
    0.5530380606651306,
    0.5452325940132141,
    0.548080325126648,
    0.5381358861923218,
    0.5323970317840576,
    0.5311689972877502,
    0.5287659168243408,
    0.5236614346504211,
    0.5155757665634155,
    0.5170603394508362,
    0.515897810459137,
    0.5107533931732178,
    0.5125965476036072
  ],
  "val_accuracy": [
    0.5443999767303467,
    0.6144999861717224,
    0.6721000075340271,
    0.6583999991416931,
    0.6784999966621399,
    0.723800003528595,
    0.742900013923645,
    0.7296000123023987,
    0.7767999768257141,
    0.786300003528595,
    0.7802000045776367,
    0.7573000192642212,
    0.7750999927520752,
    0.7764000296592712,
    0.8123000264167786,
    0.7300000190734863,
    0.8223999738693237,
    0.7577000260353088,
    0.7627999782562256,
    0.7799000144004822,
    0.8015000224113464,
    0.8077999949455261,
    0.8136000037193298,
    0.8497999906539917,
    0.8269000053405762,
    0.8381999731063843,
    0.8325999975204468,
    0.8485000133514404,
    0.8360000252723694,
    0.8398000001907349,
    0.847000002861023,
    0.8396999835968018,
    0.829800009727478,
    0.8306000232696533,
    0.8277999758720398,
    0.838699996471405,
    0.8596000075340271,
    0.8568000197410583,
    0.8585000038146973,
    0.86080002784729,
    0.8445000052452087,
    0.8586000204086304,
    0.8652999997138977,
    0.8482999801635742,
    0.8436999917030334,
    0.8514000177383423,
    0.8522999882698059,
    0.864300012588501,
    0.8658999800682068,
    0.866599977016449
  ],
  "val_loss": [
    1.3050177097320557,
    1.1359174251556396,
    0.9863974452018738,
    1.0920841693878174,
    1.0461286306381226,
    0.8968631625175476,
    0.834233283996582,
    0.9248023629188538,
    0.7791106700897217,
    0.7643907070159912,
    0.7658434510231018,
    0.8462192416191101,
    0.8390951156616211,
    0.8064369559288025,
    0.68867027759552,
    0.9907100796699524,
    0.6676610112190247,
    0.8774340748786926,
    0.8774134516716003,
    0.8222682476043701,
    0.74310702085495,
    0.7278204560279846,
    0.7188374996185303,
    0.5942463874816895,
    0.669328510761261,
    0.6364584565162659,
    0.6289618015289307,
    0.5871863961219788,
    0.63486647605896,
    0.6333139538764954,
    0.5863084197044373,
    0.6077545881271362,
    0.6611148715019226,
    0.6453886032104492,
    0.6651211977005005,
    0.6241241097450256,
    0.562933623790741,
    0.5582600831985474,
    0.5519061088562012,
    0.5486454367637634,
    0.5895984172821045,
    0.5402863621711731,
    0.5333206057548523,
    0.5740184783935547,
    0.6100115180015564,
    0.5835597515106201,
    0.5678115487098694,
    0.5262068510055542,
    0.5293019413948059,
    0.5203238129615784
  ],
  "learning_rate": [
    0.0010000000474974513,
    0.0010000000474974513,
    0.0010000000474974513,
    0.0010000000474974513,
    0.0010000000474974513,
    0.0010000000474974513,
    0.0010000000474974513,
    0.0010000000474974513,
    0.0010000000474974513,
    0.0010000000474974513,
    0.0010000000474974513,
    0.0010000000474974513,
    0.0010000000474974513,
    0.0010000000474974513,
    0.0010000000474974513,
    0.0010000000474974513,
    0.0010000000474974513,
    0.0010000000474974513,
    0.0010000000474974513,
    0.0010000000474974513,
    0.0010000000474974513,
    0.0010000000474974513,
    0.0005000000237487257,
    0.0005000000237487257,
    0.0005000000237487257,
    0.0005000000237487257,
    0.0005000000237487257,
    0.0005000000237487257,
    0.0005000000237487257,
    0.0005000000237487257,
    0.0005000000237487257,
    0.0005000000237487257,
    0.0005000000237487257,
    0.0005000000237487257,
    0.0005000000237487257,
    0.0005000000237487257,
    0.0002500000118743628,
    0.0002500000118743628,
    0.0002500000118743628,
    0.0002500000118743628,
    0.0002500000118743628,
    0.0002500000118743628,
    0.0002500000118743628,
    0.0002500000118743628,
    0.0002500000118743628,
    0.0002500000118743628,
    0.0002500000118743628,
    0.0002500000118743628,
    0.0002500000118743628,
    0.0002500000118743628
  ]
}