{
  "test_loss": 0.5203238129615784,
  "test_acc": 0.866599977016449
}