{
  "threshold_selected": 0.6273491336540353,
  "test_roc_auc": 0.9329387136360355,
  "test_pr_auc": 0.7191904637712943,
  "test_precision_at_tuned": 0.918918918918919,
  "test_recall_at_tuned": 0.5396825396825397,
  "test_f1_at_tuned": 0.68,
  "confusion_matrix": [
    [
      5934,
      3
    ],
    [
      29,
      34
    ]
  ]
}